{
  "last_index": 44179,
  "downloaded": 33293,
  "failed": 2368,
  "processed": 35661,
  "timestamp": 1768049297.9696908,
  "datetime": "2026-01-10T09:48:17.969693"
}